,genes,state,dev,pval
307,ATP5F1A_RACK1_ATP5F1E_SELENOP,1111,14230.120844222527,8.234392511158944e-95
313,SELENOF_ATP5MC2_RACK1_ATP5F1E,1111,11507.66356292702,1.1680965042337962e-150
320,SELENOF_RACK1_ATP5F1E_SELENOP,1111,6000.328634471232,1.025863108609958e-135
3,ATP5F1A_ATP5MG_ATP5F1E,111,4242.9740105799365,2.3786771625593278e-30
325,ATP5F1B_RACK1_ATP5F1E_SELENOP,1111,2867.7495528058867,2.2293334020177327e-171
330,ATP5PO_RACK1_ATP5F1E_SELENOP,1111,2645.2514408150773,1.5968124980803698e-115
7,SELENOF_ATP5MC2_RACK1,111,2381.6198551543075,5.043542120871375e-34
11,SELENOF_ATP5MC2_ATP5F1E,111,2336.2931028886724,5.620675830975361e-31
335,ATP5MPL_RACK1_ATP5F1E_SELENOP,1111,1936.2952904643817,0.0
15,ATP5F1A_ATP5F1E_SELENOP,111,1845.7770645091077,1.2053395878777373e-72
19,ATP5F1A_RACK1_SELENOP,111,1840.6765054169816,8.559833070723139e-33
23,SELENOF_RACK1_SELENOP,111,1178.9551240669994,1.2336728718530804e-38
27,SELENOK_RACK1_SELENOP,111,1150.3707882683213,1.4961992635357047e-30
340,ATP5PB_RACK1_ATP5F1E_SELENOP,1111,1133.2947648133877,0.0
31,SELENOF_RACK1_ATP5F1E,111,1108.7099189062917,7.715157106341387e-83
35,CIAO2B_RACK1_SELENOP,111,1106.0743593678073,4.224867317387383e-25
345,MATR3_RACK1_ATP5F1E_SELENOP,1111,996.7938500215432,1.534367198057902e-68
39,ATP5F1B_RACK1_SELENOP,111,988.4753558364107,5.132195519983876e-53
43,SELENOK_RACK1_ATP5F1E,111,935.7134502923977,6.950682291193115e-22
47,ATP5PO_RACK1_ATP5F1E,111,850.2505853734682,1.0685267340111234e-46
51,SELENOF_ATP5F1E_SELENOP,111,804.8528755911686,2.892806510981284e-46
55,RTRAF_RACK1_ATP5F1E,111,782.7161762765537,4.776326181906411e-46
59,ATP5MPL_RACK1_ATP5F1E,111,768.9508316236953,2.552431808300875e-144
63,SELENOK_ATP5F1E_SELENOP,111,734.8991679586563,5.821774636746269e-26
67,ATP5PB_RACK1_SELENOP,111,725.0334149633994,3.9331945568737694e-77
70,ATP5ME_ATP5F1E_SELENOP,111,712.1324554074332,2.544315715427405e-96
73,CRYBG1_RACK1_ATP5F1E,111,708.0235230035988,1.0755607373638999e-47
77,ATP5PO_RACK1_SELENOP,111,694.8638382672019,1.0586202782269927e-42
350,EREG_CXCL8_IL1B_FCN1,1111,675.9597980693783,6.668799673514309e-134
355,PLTP_CD68_C1QC_RNASE1,1111,638.2488281477968,2.006365041078011e-270
81,ATP5PO_ATP5F1E_SELENOP,111,594.2241844177329,1.3019753783892194e-48
85,ATP5MPL_ATP5F1E_SELENOP,111,576.3858329532685,4.544984554065464e-95
89,ATP5PB_ATP5F1E_SELENOP,111,539.2900674207239,1.913326679900139e-105
93,MATR3_RACK1_SELENOP,111,519.0422927627855,2.961312376920615e-38
95,FSCN1_COL4A1_PLVAP,111,511.47568977151855,1.4308232361517592e-97
99,ATP5F1B_ATP5F1E_SELENOP,111,497.4833271606284,1.4756984401481422e-26
102,ATP5F1B_RACK1_ATP5F1E,111,497.02200780739446,1.7428867935169204e-117
105,ATP5PB_RACK1_ATP5F1E,111,479.51868266014384,1.0629131803409661e-125
109,MATR3_ATP5F1E_SELENOP,111,453.10708534621574,2.9227866649720662e-46
309,SELENOF_ATP5MC2_RACK1_ATP5F1E,0111,329.61235885318393,1.1786888842926567e-204
304,ATP5F1A_RACK1_ATP5F1E_SELENOP,1011,308.5506223016188,2.7886470396062864e-53
302,ATP5F1A_RACK1_ATP5F1E_SELENOP,0111,301.9784162122613,2.461603294926138e-100
112,MATR3_RACK1_ATP5F1E,111,297.04007569521406,4.0080969940845245e-63
116,MINDY2_RACK1_ATP5F1E,111,244.09527157246575,4.530856098127754e-31
119,ADAMTS1_CLDN5_SPARC,111,230.40970637845075,2.9648922682964387e-46
306,ATP5F1A_RACK1_ATP5F1E_SELENOP,1110,225.56885284553945,1.6946024486084606e-32
121,IGHG4_IGHG1_IGKC,111,216.09886998247043,2.2973663108313316e-28
123,ATP5ME_RACK1_ATP5F1E,111,210.47274357977815,5.5415148480863855e-129
125,ADAMTS4_COL4A1_IGFBP7,111,189.55788627848352,7.299259821114003e-152
310,SELENOF_ATP5MC2_RACK1_ATP5F1E,1011,189.4430534560462,3.629857704559009e-59
129,VSIR_SPI1_ATP5F1E,111,185.03643771569614,7.77401168340606e-35
319,SELENOF_RACK1_ATP5F1E_SELENOP,1110,162.40214566088468,4.0786930231531846e-57
305,ATP5F1A_RACK1_ATP5F1E_SELENOP,1101,159.5429561783105,3.660044768182745e-21
316,SELENOF_RACK1_ATP5F1E_SELENOP,0111,155.54379498983005,5.320388336941277e-145
130,HSD11B1_CPB2_CYP3A4,111,151.33405599889298,1.101408975903961e-22
134,EREG_IL1B_FCN1,111,147.5021469465649,2.86449436753462e-17
137,COL6A2_COL6A1_SPARC,111,140.35187580853815,1.4711746212972902e-20
139,BEX3_ATP5F1E_SELENOP,111,116.09580346884059,7.687183385929614e-38
356,MSMO1_SERPINC1_F5_SCD,1111,107.80463013556744,4.306293539607818e-158
312,SELENOF_ATP5MC2_RACK1_ATP5F1E,1110,104.67413457791423,3.5252894041084236e-19
326,ATP5PO_RACK1_ATP5F1E_SELENOP,0111,102.79280711513535,8.244135935952208e-115
324,ATP5F1B_RACK1_ATP5F1E_SELENOP,1110,99.57759085913595,3.189333374724881e-82
140,CXCL1_IER3_CXCL3,111,99.07823597642623,2.0151683639642277e-47
141,ADIRF_ACKR1_CAV1,111,98.69718206268458,6.690281136952344e-38
311,SELENOF_ATP5MC2_RACK1_ATP5F1E,1101,97.0026061418951,3.062306792802403e-17
357,CREG1_CTSB_GRN_SELENOP,1111,93.70149663714207,3.4515077245331836e-177
317,SELENOF_RACK1_ATP5F1E_SELENOP,1011,91.35090179802833,2.114860195261279e-29
341,MATR3_RACK1_ATP5F1E_SELENOP,0111,90.87995025465081,1.4917760957013364e-266
359,IL6R_APOB_LYZ_SELENOP,1111,90.16301982675813,1.33265672573028e-167
143,EREG_CXCL8_FCN1,111,86.88630611455109,1.953674481249034e-24
360,PALLD_SCD_GJB1_FN1,1111,81.44857534362518,2.6567593886611324e-297
321,ATP5F1B_RACK1_ATP5F1E_SELENOP,0111,81.03546742580683,2.1718683481852585e-137
318,SELENOF_RACK1_ATP5F1E_SELENOP,1101,79.9738455757242,2.0674557299973527e-22
144,MB_NDUFA4L2_TFF2,111,79.50370370370372,6.824484511777209e-18
331,ATP5MPL_RACK1_ATP5F1E_SELENOP,0111,72.92698986958716,2.167969953946358e-292
146,KNG1_CYP2E1_HPD,111,66.17991880979456,7.915102614948598e-37
148,CD36_COL4A1_TM4SF1,111,65.98255360623781,2.394354525063596e-28
149,DHRS2_ATF5_MLXIPL,111,65.90443178178712,1.1031748324374673e-22
329,ATP5PO_RACK1_ATP5F1E_SELENOP,1110,65.42250319588425,7.347810675559615e-27
362,CYP2C9_HPX_CPS1_GC,1111,65.31276782651709,6.597038976769254e-62
151,CHCHD10_ATP5MG_SELENOP,111,63.56551417552638,2.6462519616447237e-50
152,FSCN1_RNASE1_PLVAP,111,61.850124893319844,8.184639931578303e-28
154,FSCN1_RNASE1_COL4A1,111,61.58922135590717,2.5744124000992512e-15
364,FUCA1_EPHX1_GPC3_GRN,1111,61.499539481702506,1.5081411195319136e-261
155,FSCN1_MPEG1_RNASE1,111,61.34298027811482,1.73618870537867e-85
327,ATP5PO_RACK1_ATP5F1E_SELENOP,1011,61.12839938673522,4.207993275026382e-29
156,CYP2C9_CPS1_MLXIPL,111,59.63323827005223,6.768407333423399e-74
157,PKD2_TM4SF1_IGFBP7,111,58.46251082251082,3.726574468146325e-34
336,ATP5PB_RACK1_ATP5F1E_SELENOP,0111,57.65353188417103,0.0
328,ATP5PO_RACK1_ATP5F1E_SELENOP,1101,57.031829842435904,1.8027070004598208e-24
323,ATP5F1B_RACK1_ATP5F1E_SELENOP,1101,55.770462348942516,2.507854501832297e-28
344,MATR3_RACK1_ATP5F1E_SELENOP,1110,55.730754014602795,1.0913247142034899e-41
158,DUSP2_RGS1_LCP1,111,53.735834478021985,2.0776613697716462e-13
366,CYP2C9_CPS1_GC_MLXIPL,1111,53.04354789011159,2.6087709944488193e-21
334,ATP5MPL_RACK1_ATP5F1E_SELENOP,1110,52.73439849028076,1.1051842931838899e-77
159,EREG_CXCL8_IL1B,111,52.21310373288938,2.733323888625587e-119
160,EPAS1_IGFBP4_SPARC,111,48.48073810078255,9.561048704115638e-21
370,IL2RB_KLRB1_IL7R_CCL5,1111,47.942078474029266,9.337470248606371e-68
161,XCL1_CD69_CCL5,111,46.88398427668518,7.538563965577316e-65
0,ATP5F1A_ATP5MG_ATP5F1E,011,46.245821274998605,2.3835042820873614e-39
342,MATR3_RACK1_ATP5F1E_SELENOP,1011,45.399509158023214,1.3164123903408545e-26
163,FAM198B_ITM2B_SPARC,111,42.22290347340079,6.822747332998299e-31
164,DOCK9_IGFBP4_IGFBP7,111,41.85839662333783,4.901575676434301e-66
165,HSD11B1_APCS_CPB2,111,41.41166925939482,1.6064728010727227e-133
166,LYVE1_DAB2_PLVAP,111,40.79240386836541,1.868903254187395e-18
1,ATP5F1A_ATP5MG_ATP5F1E,101,40.66677409768047,7.373449444757438e-21
365,CYP2C9_CPS1_GC_MLXIPL,1101,38.70350462496727,2.4705525768480103e-64
343,MATR3_RACK1_ATP5F1E_SELENOP,1101,37.74211374047407,2.2989709533617883e-20
169,IL2RB_KLRB1_IL7R,111,37.453281681069015,1.3281216441468251e-15
170,IL2RB_KLRB1_CCL5,111,37.1288039969032,1.4344530322853534e-135
2,ATP5F1A_ATP5MG_ATP5F1E,110,35.77009291299687,1.0242292926659648e-10
171,EMB_LTB_SRGN,111,35.73693899522015,4.627837256700639e-43
172,ADIRF_CAV1_NDUFA4L2,111,35.69923009117303,1.6841526216183437e-46
332,ATP5MPL_RACK1_ATP5F1E_SELENOP,1011,34.201455554580434,6.374708182376204e-47
339,ATP5PB_RACK1_ATP5F1E_SELENOP,1110,33.586672021593934,1.8060865347917946e-63
173,MT1M_MT1G_PLA2G2A,111,32.89772026884693,7.699153919816992e-51
17,ATP5F1A_RACK1_SELENOP,101,32.73366473447818,2.948613431064218e-27
4,SELENOF_ATP5MC2_RACK1,011,32.72178603144817,5.64965668059807e-44
372,DUSP2_NFKBIA_LCP1_SRGN,1111,32.39578160997776,1.6533594798531272e-122
174,DAB2_RNASE1_PLVAP,111,31.821015016678608,7.717078141560741e-36
8,SELENOF_ATP5MC2_ATP5F1E,011,31.548796746227726,8.180546470150724e-37
373,RNF130_ITM2B_CST3_FCER1G,1111,31.4846588343622,0.0
390,CTSS_PSAP_LYZ_CD74_SRGN,11111,30.763553350338757,0.0
175,ADIRF_NDUFA4L2_TFF3,111,30.714869493974234,2.8279260879963014e-46
40,SELENOK_RACK1_ATP5F1E,011,30.55594956658787,4.038352762090905e-84
176,ADIRF_GSTA2_NDUFA4L2,111,30.118511022659984,1.4524731788442524e-27
177,SLC2A3_CXCR4_VIM,111,29.70718470718471,4.769231352702664e-22
322,ATP5F1B_RACK1_ATP5F1E_SELENOP,1011,29.55652003903589,2.359904828223759e-13
333,ATP5MPL_RACK1_ATP5F1E_SELENOP,1101,29.279209126389944,9.0752783295886e-35
337,ATP5PB_RACK1_ATP5F1E_SELENOP,1011,28.662570452046612,2.487224389997565e-49
10,SELENOF_ATP5MC2_ATP5F1E,110,28.583492146932823,3.934947699543406e-12
349,EREG_CXCL8_IL1B_FCN1,1110,28.471567306723774,9.087855957627948e-97
6,SELENOF_ATP5MC2_RACK1,110,27.877803723075203,4.972132717986009e-12
178,IL33_TM4SF1_TFF2,111,27.767299069547633,3.918779095334127e-14
179,SHISA4_GGH_SELENOP,111,27.569798181343575,2.0813121857380627e-20
181,DOK3_S100A8_MS4A7,111,27.35418948828451,3.6833671387481223e-16
18,ATP5F1A_RACK1_SELENOP,110,27.07951109875938,4.664648202705792e-15
9,SELENOF_ATP5MC2_ATP5F1E,101,26.87813112152065,3.1860184980600866e-20
182,IL6R_APOB_SELENOP,111,25.455855082092768,6.349955013023118e-26
374,DUSP2_RGS1_LCP1_SRGN,1111,25.452979626901147,2.295786776945887e-159
183,FUCA1_MS4A4A_GRN,111,25.33682800631221,1.466096310374576e-197
184,IGFBP3_TM4SF1_FN1,111,25.09996740404302,5.9075820622211234e-52
185,CCL3_AIF1_TYROBP,111,24.708176288533434,1.521949919778993e-11
60,SELENOK_ATP5F1E_SELENOP,011,24.70042537261991,1.4524523905269003e-84
186,PLBD1_MS4A6A_LYZ,111,24.579597403535182,1.63893417770416e-62
187,ATF5_SAA1_MLXIPL,111,23.967320460412864,2.008811012637374e-15
188,ATF5_BAAT_MLXIPL,111,23.157714779049172,5.136179029062702e-26
24,SELENOK_RACK1_SELENOP,011,22.309066991513895,2.2212857535616815e-54
16,ATP5F1A_RACK1_SELENOP,011,22.284014214263806,2.308358018125016e-31
189,IGHG4_FGFBP2_IGKC,111,21.912232420987287,1.0482789529205897e-19
52,RTRAF_RACK1_ATP5F1E,011,21.910124307368683,2.2084244941077132e-122
71,CRYBG1_RACK1_ATP5F1E,011,21.809889455514114,2.8295873010152248e-157
377,CYP2C9_HPX_GC_MLXIPL,1111,21.759232385712398,5.7119625756945874e-33
354,PLTP_CD68_C1QC_RNASE1,1110,21.323775476301662,1.2056910695824238e-33
338,ATP5PB_RACK1_ATP5F1E_SELENOP,1101,21.158730336397827,1.0105861223020878e-30
190,WWTR1_TM4SF1_FN1,111,20.97706641879797,9.482613889984677e-29
48,SELENOF_ATP5F1E_SELENOP,011,20.885471583649778,4.808391203273728e-92
5,SELENOF_ATP5MC2_RACK1,101,20.872731127810926,1.2152150413487052e-14
41,SELENOK_RACK1_ATP5F1E,101,20.823073214697438,1.0929494163654962e-13
191,CREG1_GRN_SELENOP,111,20.701471930358274,2.8074788563169206e-19
13,ATP5F1A_ATP5F1E_SELENOP,101,20.404494393592962,7.089049899118393e-23
192,CYP2C9_HPX_MLXIPL,111,20.389645069399005,1.994950520088015e-28
25,SELENOK_RACK1_SELENOP,101,20.37396171069647,2.2780629867395763e-16
193,PRDM1_CXCR4_VIM,111,20.324558929301766,2.3325732651374475e-16
12,ATP5F1A_ATP5F1E_SELENOP,011,20.299311809803374,8.484683134391325e-47
194,FUCA1_EPHX1_GPC3,111,20.2836614555829,4.944951600729854e-44
28,SELENOF_RACK1_ATP5F1E,011,19.99748406203252,8.248553294062493e-86
195,ADIRF_GSTA2_TFF3,111,19.970224979118623,4.137513876563011e-29
32,CIAO2B_RACK1_SELENOP,011,19.86734320700902,4.2753318335548603e-39
196,KNG1_SERPINC1_HPD,111,19.647788124706373,1.0520125007465069e-09
351,PLTP_CD68_C1QC_RNASE1,0111,19.556852165578434,2.7867341785048014e-130
197,IL2RB_IL7R_CCL5,111,19.430665504010275,2.138555175604118e-60
33,CIAO2B_RACK1_SELENOP,101,19.37397841092762,1.7267511300029898e-11
44,ATP5PO_RACK1_ATP5F1E,011,19.240039093789868,3.3696070105461505e-51
198,IGF1_SLC40A1_ITIH2,111,18.76901362249107,1.5305442012770803e-18
199,CPVL_LYZ_GRN,111,18.605491167129887,4.550237028576059e-30
120,IGHG4_IGHG1_IGKC,110,18.59911790355806,8.521545688936003e-16
200,CCL3_CCL4_TYROBP,111,18.124906714904206,2.672591061979616e-47
201,SHISA4_GGH_SCD,111,17.979858185536106,1.7828716373827468e-37
22,SELENOF_RACK1_SELENOP,110,17.902241776129905,8.54140404046437e-14
202,BCL11B_BTG1_IL7R,111,17.85434497336712,1.8353296163505649e-50
203,AKR1C2_AGR2_ITIH2,111,17.831607848713436,3.8382519479036467e-59
204,FUCA1_GPC3_GRN,111,17.805668532070598,1.2360245413964288e-48
96,ATP5F1B_ATP5F1E_SELENOP,011,17.738213594986497,4.248783165800479e-71
205,ALDH3A2_ITIH2_FN1,111,17.629006178079123,1.2221122491380116e-27
14,ATP5F1A_ATP5F1E_SELENOP,110,17.395141976333715,2.244925807735874e-15
20,SELENOF_RACK1_SELENOP,011,17.147887862899292,1.4682365562166004e-43
61,SELENOK_ATP5F1E_SELENOP,101,17.03275422207887,3.035843035108713e-15
378,SLC2A3_CXCR4_VIM_SRGN,1111,16.812146785224996,2.7316569562800263e-128
207,DUSP2_NFKBIA_LCP1,111,16.731799589431702,5.349770525159578e-10
62,SELENOK_ATP5F1E_SELENOP,110,16.552809135043905,1.6211403589845903e-12
352,PLTP_CD68_C1QC_RNASE1,1011,16.51985594739041,1.3157799003707376e-33
56,ATP5MPL_RACK1_ATP5F1E,011,16.511507697315682,6.581958168632546e-126
208,EPAS1_IGFBP4_TM4SF1,111,16.50963257434121,2.4166642374521284e-24
209,PLEK_TYROBP_SRGN,111,16.20718396618936,2.011926733484381e-73
379,BCL11B_BTG1_IL7R_CCL5,1111,16.109762441105662,9.700362796470279e-85
42,SELENOK_RACK1_ATP5F1E,110,16.091122492530943,7.596171055362841e-10
210,GPRC5B_TM4SF1_SPARC,111,16.00431327283483,3.576599938530377e-28
82,ATP5MPL_ATP5F1E_SELENOP,011,15.996944744045537,6.8412922981682805e-130
211,PLEK_SPP1_TYROBP,111,15.97658510274561,1.1582795726092091e-10
212,IL6R_LYZ_SELENOP,111,15.953355906809014,8.312351344509301e-49
380,BIRC3_TNFAIP3_LCN2_HSPH1,1111,15.843540213603845,2.3619130467025357e-31
26,SELENOK_RACK1_SELENOP,110,15.79724581495708,8.951633645739751e-10
381,GBP1_STAT1_HSPH1_VIM,1111,15.686332113884962,1.6068636773572436e-66
213,TBX3_MLXIPL_FN1,111,15.511406188977464,2.558649156054545e-34
50,SELENOF_ATP5F1E_SELENOP,110,15.425285083765642,2.846439237314888e-16
382,SLC2A3_FOS_CXCR4_SRGN,1111,15.31622811494713,6.541543284062524e-105
98,ATP5F1B_ATP5F1E_SELENOP,110,15.155851150864859,5.78540042116208e-17
214,ADIRF_CAV1_TFF3,111,15.056629635988529,2.383276898000196e-19
215,SLC2A3_VIM_SRGN,111,15.0234333442738,7.39853060380332e-55
346,EREG_CXCL8_IL1B_FCN1,0111,14.874675259333253,1.7924069959582542e-26
113,MINDY2_RACK1_ATP5F1E,011,14.820403608210519,8.744315868243212e-204
347,EREG_CXCL8_IL1B_FCN1,1011,14.764863007728943,1.0593326117981511e-08
106,MATR3_ATP5F1E_SELENOP,011,14.52242718006502,2.6109174680277875e-82
110,MATR3_RACK1_ATP5F1E,011,14.501214073536374,1.0784404745812182e-163
216,RGS2_RGS1_SRGN,111,14.247838339284463,2.080224833846907e-68
103,ATP5PB_RACK1_ATP5F1E,011,14.185115489559832,5.425959095581488e-183
78,ATP5PO_ATP5F1E_SELENOP,011,14.146571187849002,1.437941032251504e-48
217,SERPINE1_CYP3A5_FN1,111,13.949989193143466,1.3867492401634065e-15
348,EREG_CXCL8_IL1B_FCN1,1101,13.946543519440256,3.1203878577135606e-13
86,ATP5PB_ATP5F1E_SELENOP,011,13.868786899853475,1.9127891308131792e-138
383,CTSZ_APOE_CTSB_PSAP,1111,13.867270332465624,1.6969387477334498e-138
218,DUSP2_LCP1_SRGN,111,13.85556066485512,1.0326540984698114e-69
219,GPT2_TF_MLXIPL,111,13.799624132256465,1.6747765252915022e-49
220,CXCL1_IER3_TFF1,111,13.798075524649006,4.827267643722438e-10
221,DAB2_C1QB_SLC40A1,111,13.778595618279612,7.00022567684211e-07
384,RGS16_KLRB1_HSPA1B_VIM,1111,13.76153263791083,1.373409746739804e-35
222,PRDM1_CXCR4_SRGN,111,13.675207914921947,1.3731669113457498e-68
36,ATP5F1B_RACK1_SELENOP,011,13.582330201767542,5.1371103776942884e-43
90,MATR3_RACK1_SELENOP,011,13.561021276840204,1.4710429136322273e-60
223,COLEC11_SAA1_CPS1,111,13.35901773089936,2.7504572966899694e-15
94,FSCN1_COL4A1_PLVAP,011,13.354312117817415,2.227284368741048e-106
224,IGFBP5_TFF3_SPARC,111,13.335713550577191,1.807229754282958e-27
64,ATP5PB_RACK1_SELENOP,011,13.293428769879219,6.456561356558314e-85
76,ATP5PO_RACK1_SELENOP,110,13.262383416422876,3.50345181825245e-12
46,ATP5PO_RACK1_ATP5F1E,110,12.919213982507026,4.817398609525287e-12
100,ATP5F1B_RACK1_ATP5F1E,011,12.876965219286294,1.139539605158881e-121
225,FOXO1_ITM2B_RACK1,111,12.858356013738934,1.954317506464223e-37
74,ATP5PO_RACK1_SELENOP,011,12.727434566797758,7.49711894749736e-30
34,CIAO2B_RACK1_SELENOP,110,12.697008977812708,1.1546640184316673e-06
385,AREG_KLRB1_FOS_CXCR4,1111,12.683315800213485,9.434032135394077e-113
37,ATP5F1B_RACK1_SELENOP,101,12.584835598384824,3.7115369182093116e-11
226,TTYH3_CTSB_SELENOP,111,12.449380519123098,4.0810393028173344e-36
227,C1QB_C1QA_HLA-DRA,111,12.377101180893995,4.586874965392964e-25
21,SELENOF_RACK1_SELENOP,101,12.353082127513712,1.3932412436900008e-09
228,KNG1_TF_HPD,111,12.17481486725664,4.811519088191723e-08
68,ATP5ME_ATP5F1E_SELENOP,011,12.166705777790547,8.943648078486524e-49
229,HBEGF_GRN_SPARC,111,12.123578437397889,8.36189959981243e-25
97,ATP5F1B_ATP5F1E_SELENOP,101,12.119008088845916,5.66148452709192e-11
369,IL2RB_KLRB1_IL7R_CCL5,1101,12.062676860034593,1.617475756190634e-84
108,MATR3_ATP5F1E_SELENOP,110,11.824033651659843,4.667563158737904e-18
84,ATP5MPL_ATP5F1E_SELENOP,110,11.816387135142909,8.855545784001256e-24
386,PRDM1_CXCR4_VIM_SRGN,1111,11.690714855859808,4.621185268332772e-153
230,PKD2_GRN_IGFBP7,111,11.634504367434241,1.2936604080947893e-08
231,SLC2A3_CXCR4_SRGN,111,11.587995220629042,3.4506459045767985e-61
29,SELENOF_RACK1_ATP5F1E,101,11.538891562231585,2.6656287903562382e-14
232,NFIA_FN1_SPARC,111,11.51959879073581,5.812923267953491e-51
387,SERPING1_GATM_C3_FGG,1111,11.491704931519937,5.255500550571978e-10
367,IL2RB_KLRB1_IL7R_CCL5,0111,11.44288491064751,4.810778511785825e-253
75,ATP5PO_RACK1_SELENOP,101,11.283091542705787,1.880745815977111e-13
233,SLC2A3_FOS_CXCR4,111,11.253846696781482,1.931486583954047e-13
234,FGF19_APOB_MLXIPL,111,11.149474471538845,1.9402387049762395e-22
235,FASN_SCD_FN1,111,11.138037617452161,1.1995638072034663e-28
92,MATR3_RACK1_SELENOP,110,11.110160930390208,2.366127341409199e-13
236,ALDH3A2_SCD_PAH,111,11.106406690598964,9.773271596060089e-08
237,EMB_CCL5_SRGN,111,11.017306725178136,3.585896061317998e-171
72,CRYBG1_RACK1_ATP5F1E,110,10.957499142901668,1.730259606697583e-10
238,APP_GNAS_GRN,111,10.947583280532296,2.3456787071797494e-26
239,AKR1C2_ALDH1A1_ITIH2,111,10.802072577489723,6.685159936512801e-44
91,MATR3_RACK1_SELENOP,101,10.73632619939674,1.874814493836891e-12
54,RTRAF_RACK1_ATP5F1E,110,10.693641794970873,2.2612140365560433e-10
240,CTSL_CTSB_LYZ,111,10.675569230769232,6.53479386127872e-07
241,CYP2C9_HPX_GC,111,10.583895695959326,6.322947894431897e-100
242,AREG_KLRB1_CXCR4,111,10.406397606872677,8.65436098616e-48
243,NFIA_SPARC_SELENOP,111,10.353301475654309,1.3786047629630095e-13
244,RNF130_CST3_FCER1G,111,10.312230503525505,9.197272743413746e-55
79,ATP5PO_ATP5F1E_SELENOP,101,10.105065175130534,9.09763558945651e-13
38,ATP5F1B_RACK1_SELENOP,110,10.021383914019424,4.581588908460571e-10
245,PIM2_LTB_SRGN,111,10.016446329878342,2.170218723488692e-32
246,RGS16_KLRB1_VIM,111,10.011229385307345,2.126565046549268e-09
301,ATP5F1A_RACK1_ATP5F1E_SELENOP,0110,9.991314100537789,2.569319220202227e-47
132,EREG_IL1B_FCN1,101,9.956790340749086,2.4684489618766343e-13
117,ADAMTS1_CLDN5_SPARC,011,9.910922610650605,1.7420593694531683e-72
247,SDC3_LGMN_GRN,111,9.905313597084644,7.122838901623472e-18
248,PLEK_NKG7_SRGN,111,9.693878328881526,3.832271246391161e-42
249,CD4_PSAP_CD74,111,9.679533979209674,8.409980186458226e-14
57,ATP5MPL_RACK1_ATP5F1E,101,9.554365235288948,2.210416893124665e-21
250,NR3C1_HLA-B_SELENOP,111,9.550290644496597,1.6775922446632106e-33
53,RTRAF_RACK1_ATP5F1E,101,9.477952060623068,1.6335487501365588e-08
251,ZDHHC9_TM4SF1_FN1,111,9.477016656812635,7.685010460984306e-24
252,PRDM1_VIM_SRGN,111,9.11545059258766,1.388494112497049e-65
142,EREG_CXCL8_FCN1,101,9.097891550193422,9.416301987741482e-13
253,AKR1C2_AGR2_VIM,110,9.096357830056442,1.780268670994739e-34
255,CHCHD10_ALDH2_SELENOP,111,9.096328457277286,2.3676689218341927e-08
124,ADAMTS4_COL4A1_IGFBP7,011,9.082404408816538,1.2161133518530915e-253
256,KNG1_TF_GC,111,9.015280694949094,9.880702713759497e-42
257,DUSP2_RGS1_SRGN,111,8.975126144149339,7.725211827857508e-70
65,ATP5PB_RACK1_SELENOP,101,8.968543252560153,1.1699643040577313e-12
258,UGT2B7_GC_FN1,111,8.940522047810067,9.630384043910646e-105
30,SELENOF_RACK1_ATP5F1E,110,8.70962027240099,5.004183101138201e-10
259,EPAS1_IGFBP4_A2M,111,8.70186562784959,1.5287149004997482e-18
138,BEX3_ATP5F1E_SELENOP,011,8.589028201195822,4.195000047876988e-157
260,BCL11B_IL7R_CCL5,111,8.482822554471554,2.6079438968998508e-12
122,ATP5ME_RACK1_ATP5F1E,011,8.41802059755873,2.7253136346019504e-111
261,MYLK_IGFBP7_FN1,111,8.412906814823282,4.670189973681862e-11
262,FASN_MLXIPL_FN1,111,8.339971301728237,1.2937450903954104e-24
263,PKD2_TM4SF1_GRN,111,8.31157984907051,6.451497155666894e-27
264,AKR1C2_ALDH1A1_AGR2,111,8.30245605074701,6.555610312501151e-17
361,CYP2C9_HPX_CPS1_GC,1101,8.228891679110495,7.191731115145872e-87
49,SELENOF_ATP5F1E_SELENOP,101,8.196101080338007,6.007389878524324e-08
265,IRF8_FCER1G_CD74,111,8.185117850219575,2.259193013005077e-17
107,MATR3_ATP5F1E_SELENOP,101,8.124291968736413,7.308902154653251e-11
266,RNF130_ITM2B_CST3,111,8.080526266585515,9.508893830871572e-81
267,UGT2B7_CES2_GC,111,8.076250558821448,8.482724298489603e-40
268,GBP1_STAT1_HSPH1,111,8.061042927978523,1.3256180404487894e-23
136,COL6A2_COL6A1_SPARC,110,8.042038673372748,1.0805818972540512e-06
269,DNAJA4_HSPH1_HSPA1B,111,7.947607244806194,1.2553835582628735e-64
270,SLC2A3_FOS_SRGN,111,7.892111516958547,4.71532183465585e-29
66,ATP5PB_RACK1_SELENOP,110,7.876729108635764,4.0990704973631935e-10
271,IL1RN_GLUL_CTSB,111,7.847353265615766,8.819145385239326e-28
272,AQP9_SCD_C4BPA,111,7.807891790885952,9.186798696565741e-08
69,ATP5ME_ATP5F1E_SELENOP,110,7.761585628387892,3.624960926918813e-15
45,ATP5PO_RACK1_ATP5F1E,101,7.7466260703547025,1.4118351570168523e-06
128,VSIR_SPI1_ATP5F1E,110,7.681484469407378,2.8377703578854622e-08
135,COL6A2_COL6A1_SPARC,101,7.450093218974284,4.3113665158387824e-45
115,MINDY2_RACK1_ATP5F1E,110,7.400008532051943,1.1155511413589288e-08
111,MATR3_RACK1_ATP5F1E,101,7.104955218996727,6.614154354849826e-14
273,AREG_FCER1G_CXCR4,111,7.037485924856355,1.2347678971917554e-34
376,CYP2C9_HPX_GC_MLXIPL,1110,7.02474549756377,5.2773099830291587e-79
274,SERPINH1_HSPA1A_SPARC,101,6.95794960146021,4.0953644684694675e-38
88,ATP5PB_ATP5F1E_SELENOP,110,6.911919118599721,1.2360139470704516e-12
363,FUCA1_EPHX1_GPC3_GRN,0111,6.892807821764552,2.0496317729981418e-204
276,VNN2_NDUFA4L2_ITIH2,111,6.878707103933739,2.731327390649278e-07
167,IL2RB_KLRB1_IL7R,011,6.7939790814383505,3.6899206391816563e-98
168,IL2RB_KLRB1_IL7R,101,6.749244105246544,2.5812224958245558e-37
275,SERPINH1_HSPA1A_SPARC,111,6.7113509802128455,1.9395910862409794e-12
80,ATP5PO_ATP5F1E_SELENOP,110,6.697815858430815,3.9347168400325835e-06
83,ATP5MPL_ATP5F1E_SELENOP,101,6.655908124839567,2.2666248841807325e-12
277,POU2F2_LCP1_SRGN,111,6.590154337704685,2.513604071103839e-37
388,SERPING1_APOE_NKG7_GRN,1101,6.4366609044810215,7.750889328406525e-44
353,PLTP_CD68_C1QC_RNASE1,1101,6.412252015845456,1.3926659442610373e-09
358,IL6R_APOB_LYZ_SELENOP,1011,6.3987816105431685,4.076027104220312e-30
303,ATP5F1A_RACK1_ATP5F1E_SELENOP,1001,6.301615869689989,5.428737428800286e-13
162,FAM198B_ITM2B_SPARC,101,6.194574523068938,6.629707101519494e-09
278,CYP2C9_CPS1_GC,111,6.149832276245799,2.2633962448902386e-05
118,ADAMTS1_CLDN5_SPARC,110,6.127388234955271,2.2935526355919806e-07
279,BTG2_FOS_SRGN,111,6.124987721898138,3.4351723480817787e-74
389,CTSS_PSAP_CD74_SRGN,1111,6.119913334486764,5.341208925077253e-174
371,DUSP2_NFKBIA_LCP1_SRGN,1011,6.106521946705155,3.004631407427229e-44
280,ALDH2_C3_FN1,111,6.090851658389914,2.5161199123572e-09
281,DAB2_RNASE1_GRN,111,6.0834194795703285,8.081472846565423e-09
282,RGS2_RGS1_DNAJB1,111,6.04207119707496,8.079499592020557e-07
283,ZBTB20_HSPA1A_SELENOP,111,5.987092308253888,3.6363197279923e-11
254,CHCHD10_ALDH2_SELENOP,101,5.971451333158645,2.2371742829991166e-28
58,ATP5MPL_RACK1_ATP5F1E,110,5.955715871809764,3.961241120011156e-11
284,BCL11B_BTG1_CCL5,111,5.92640438710012,1.8800045874546477e-43
126,VSIR_SPI1_ATP5F1E,011,5.886851735249685,6.365567758402398e-48
285,IL6R_APOB_LYZ,111,5.863398133001282,9.556774639652184e-41
308,SELENOF_ATP5MC2_RACK1_ATP5F1E,0011,5.862740573172735,5.677875972380283e-45
147,CD36_COL4A1_TM4SF1,011,5.8625404191426504,6.752944056978404e-33
286,GBP1_STAT1_CYP3A5,111,5.832608085907762,3.5488615121878346e-07
150,CHCHD10_ATP5MG_SELENOP,011,5.816633036847376,2.268508274104876e-43
287,ANG_FGB_FGG,111,5.78755107143544,1.8516525712990176e-83
127,VSIR_SPI1_ATP5F1E,101,5.750390168128151,2.165242758674155e-18
300,ATP5F1A_RACK1_ATP5F1E_SELENOP,0011,5.727583683711332,2.2154498077160497e-24
131,EREG_IL1B_FCN1,011,5.713198215875668,2.8545535676441848e-12
288,CYP2C9_GC_MLXIPL,111,5.7115361556950175,9.845380045742571e-13
368,IL2RB_KLRB1_IL7R_CCL5,1011,5.683267018512401,1.2519788532240177e-31
133,EREG_IL1B_FCN1,110,5.676397101001632,1.7835177093790295e-15
289,GBP1_STAT1_VIM,111,5.522002552654915,9.763321166588717e-10
114,MINDY2_RACK1_ATP5F1E,101,5.51398288468674,1.7063386640130675e-06
87,ATP5PB_ATP5F1E_SELENOP,101,5.412358959673626,1.2837420166966958e-09
314,SELENOF_RACK1_ATP5F1E_SELENOP,0011,5.410675450649883,7.087794146967994e-45
145,KNG1_CYP2E1_HPD,011,5.3765035960369545,1.4809665196884005e-22
104,ATP5PB_RACK1_ATP5F1E,101,5.366187982331103,6.448331851477314e-11
101,ATP5F1B_RACK1_ATP5F1E,101,5.34422347460587,5.374735373014244e-10
290,G6PC_MAT1A_FGA,111,5.332989137169057,1.5126973828012613e-09
291,ZFAND2A_DNAJB1_HSPA1A,111,5.328621576883993,1.0945669868360839e-16
292,EPAS1_A2M_TM4SF1,111,5.25622931293459,3.1741376686570776e-11
180,DOK3_S100A8_MS4A7,110,5.250403781201219,9.80723326334885e-15
315,SELENOF_RACK1_ATP5F1E_SELENOP,0110,5.246651960722664,8.919413251940815e-42
293,CCL3_CCL4_JUN,111,5.185504374307037,1.884514681048539e-12
206,DUSP2_NFKBIA_LCP1,101,5.1667709418806185,6.3763767498807285e-09
294,BTG2_HERPUD1_DNAJB1,111,5.165480035492457,3.306412187299323e-17
295,BTG2_DNAJB1_SRGN,111,5.124750923567115,3.892216345276832e-93
153,FSCN1_RNASE1_COL4A1,101,5.083250704359221,2.490051922328069e-05
296,CD36_HSPA1A_TFF2,111,5.057722366891834,8.196434475139378e-09
375,CYP2C9_HPX_GC_MLXIPL,1101,5.054092720568056,5.854106250872335e-14
297,DUSP2_NFKBIA_SRGN,111,5.050397701160276,2.0139293175589227e-28
298,FKBP11_FGB_AGR2,111,5.041306279227602,5.310807843821765e-31
299,FOXO1_ACTN4_ITM2B,111,5.0246347422624815,2.792628203922319e-50
